1,Salvidor,Pontin,spontin0@edublogs.org,992-355-1477
2,Janna,Vedeshkin,jvedeshkin1@youku.com,247-741-2948
3,Colleen,Lanmeid,clanmeid2@mayoclinic.com,256-969-3694
4,Candida,Porteous,cporteous3@facebook.com,950-925-8592
5,Tobe,De Lacey,tdelacey4@paypal.com,894-209-7611
6,Clive,Merck,cmerck5@deliciousdays.com,549-275-1904
7,Humphrey,McKernon,hmckernon6@house.gov,336-481-5388
8,Marita,Dreinan,mdreinan7@disqus.com,114-749-2640
9,Gerianne,Simister,gsimister8@cyberchimps.com,973-229-4501
10,Kirbee,Dulwitch,kdulwitch9@feedburner.com,597-969-6776
11,Huntley,Ciciari,hciciaria@flickr.com,805-831-7988
12,Georgetta,Snewin,gsnewinb@senate.gov,378-771-4404
13,Ezra,Vlasov,evlasovc@blinklist.com,178-400-9937
14,Dedie,Lough,dloughd@phoca.cz,913-454-5810
15,Prissie,Bruhke,pbruhkee@berkeley.edu,144-568-2397
16,Saleem,Philippon,sphilipponf@go.com,498-580-0623
17,Timmie,Turnell,tturnellg@symantec.com,224-956-8907
18,Morten,Armell,marmellh@state.gov,227-528-9237
19,Bendite,Hambelton,bhambeltoni@illinois.edu,217-111-9865
20,Ives,Quail,iquailj@ucsd.edu,271-877-0623
21,Bronson,Jurkiewicz,bjurkiewiczk@tmall.com,169-980-2313
22,Bjorn,Chadbourn,bchadbournl@cpanel.net,541-212-9459
23,Franny,Puttnam,fputtnamm@joomla.org,435-224-5245
24,Ginger,Swales,gswalesn@xrea.com,952-839-9549
25,Margarita,Gadesby,mgadesbyo@desdev.cn,600-454-1320
26,Gelya,Prawle,gprawlep@ezinearticles.com,486-671-0964
27,Austin,Fall,afallq@etsy.com,652-100-4289
28,Zahara,Zuan,zzuanr@webnode.com,862-820-2896
29,Zacherie,Holdren,zholdrens@cargocollective.com,616-508-8152
30,Seamus,Fiddyment,sfiddymentt@liveinternet.ru,924-892-3666
